Dataset,Model,Samples,MAE,RMSE,Mean_Error,Std_Error,Median_Absolute_Error,Min_Prediction,Max_Prediction,Mean_Prediction
Training,LightGBM,14665,3.7459966800541653,5.251704069954022,0.6469822164531749,5.211877006253112,2.725866929576732,0.4511941854458629,44.71285307220827,12.846778438166668
Training,Transformer,14665,3.6934659481048584,5.1018385887146,1.0038642883300781,5.0022711753845215,2.657379627227783,0.2704612612724304,44.21006774902344,12.489897727966309
Validation,LightGBM,1257,3.9741195407813845,5.251263830921016,-0.003585265177716635,5.2533526618647075,3.0277295689023234,1.5678601469197337,44.486482296172845,14.196902687612084
Validation,Transformer,1257,3.936124086380005,5.343681812286377,1.3078515529632568,5.183226108551025,2.975274085998535,1.412977933883667,41.30431365966797,12.885466575622559
Test,LightGBM,1257,3.936667421209142,5.6132234678800685,0.3792498264200698,5.6026260774038645,2.8416134506147923,1.5771999643999153,44.543136871928496,14.193542536348426
Test,Transformer,1257,3.9003565311431885,5.447985649108887,0.4262104034423828,5.433450222015381,2.967987537384033,1.3949596881866455,43.99890899658203,14.14658260345459
